X1,Sex,ageband,Wales_Quintile_2019,popn,category,random
22865,Male,0,1,46984,Category_A,1
22866,Male,0,1,46984,Category_B,0
22867,Male,0,1,46984,Category_C,0
22868,Male,0,1,46984,Category_D,0
22869,Male,0,1,46984,Category_E,1
22870,Male,0,1,46984,Category_F,0
22871,Male,0,1,46984,Category_G,1
22872,Male,0,1,46984,Category_H,1
22873,Male,0,1,46984,Category_I,2
22874,Male,0,1,46984,Category_J,0
22875,Male,0,1,46984,Category_K,0
22876,Male,0,1,46984,Category_L,2
22877,Male,0,1,46984,Category_M,40
22878,Male,0,1,46984,Category_N,0
22879,Male,0,1,46984,Category_O,1
22880,Male,0,1,46984,Category_P,4
23105,Male,0,2,46829,Category_A,1
23106,Male,0,2,46829,Category_B,1
23107,Male,0,2,46829,Category_C,0
23108,Male,0,2,46829,Category_D,0
23109,Male,0,2,46829,Category_E,0
23110,Male,0,2,46829,Category_F,0
23111,Male,0,2,46829,Category_G,0
23112,Male,0,2,46829,Category_H,0
23113,Male,0,2,46829,Category_I,2
23114,Male,0,2,46829,Category_J,1
23115,Male,0,2,46829,Category_K,0
23116,Male,0,2,46829,Category_L,0
23117,Male,0,2,46829,Category_M,32
23118,Male,0,2,46829,Category_N,0
23119,Male,0,2,46829,Category_O,4
23120,Male,0,2,46829,Category_P,1
23345,Male,0,3,47825,Category_A,1
23346,Male,0,3,47825,Category_B,1
23347,Male,0,3,47825,Category_C,0
23348,Male,0,3,47825,Category_D,0
23349,Male,0,3,47825,Category_E,0
23350,Male,0,3,47825,Category_F,0
23351,Male,0,3,47825,Category_G,4
23352,Male,0,3,47825,Category_H,0
23353,Male,0,3,47825,Category_I,2
23354,Male,0,3,47825,Category_J,3
23355,Male,0,3,47825,Category_K,0
23356,Male,0,3,47825,Category_L,0
23357,Male,0,3,47825,Category_M,35
23358,Male,0,3,47825,Category_N,0
23359,Male,0,3,47825,Category_O,12
23360,Male,0,3,47825,Category_P,1
23585,Male,0,4,51919,Category_A,1
23586,Male,0,4,51919,Category_B,2
23587,Male,0,4,51919,Category_C,0
23588,Male,0,4,51919,Category_D,0
23589,Male,0,4,51919,Category_E,1
23590,Male,0,4,51919,Category_F,0
23591,Male,0,4,51919,Category_G,2
23592,Male,0,4,51919,Category_H,1
23593,Male,0,4,51919,Category_I,7
23594,Male,0,4,51919,Category_J,0
23595,Male,0,4,51919,Category_K,0
23596,Male,0,4,51919,Category_L,1
23597,Male,0,4,51919,Category_M,27
23598,Male,0,4,51919,Category_N,5
23599,Male,0,4,51919,Category_O,5
23600,Male,0,4,51919,Category_P,6
23825,Male,0,5,60205,Category_A,1
23826,Male,0,5,60205,Category_B,1
23827,Male,0,5,60205,Category_C,0
23828,Male,0,5,60205,Category_D,0
23829,Male,0,5,60205,Category_E,0
23830,Male,0,5,60205,Category_F,0
23831,Male,0,5,60205,Category_G,3
23832,Male,0,5,60205,Category_H,1
23833,Male,0,5,60205,Category_I,18
23834,Male,0,5,60205,Category_J,3
23835,Male,0,5,60205,Category_K,0
23836,Male,0,5,60205,Category_L,4
23837,Male,0,5,60205,Category_M,60
23838,Male,0,5,60205,Category_N,0
23839,Male,0,5,60205,Category_O,6
23840,Male,0,5,60205,Category_P,3
24065,Male,5,1,50546,Category_A,1
24066,Male,5,1,50546,Category_B,0
24067,Male,5,1,50546,Category_C,0
24068,Male,5,1,50546,Category_D,0
24069,Male,5,1,50546,Category_E,1
24070,Male,5,1,50546,Category_F,0
24071,Male,5,1,50546,Category_G,1
24072,Male,5,1,50546,Category_H,0
24073,Male,5,1,50546,Category_I,0
24074,Male,5,1,50546,Category_J,0
24075,Male,5,1,50546,Category_K,0
24076,Male,5,1,50546,Category_L,1
24077,Male,5,1,50546,Category_M,0
24078,Male,5,1,50546,Category_N,0
24079,Male,5,1,50546,Category_O,2
24080,Male,5,1,50546,Category_P,0
24305,Male,5,2,50523,Category_A,0
24306,Male,5,2,50523,Category_B,0
24307,Male,5,2,50523,Category_C,0
24308,Male,5,2,50523,Category_D,0
24309,Male,5,2,50523,Category_E,0
24310,Male,5,2,50523,Category_F,0
24311,Male,5,2,50523,Category_G,1
24312,Male,5,2,50523,Category_H,0
24313,Male,5,2,50523,Category_I,0
24314,Male,5,2,50523,Category_J,0
24315,Male,5,2,50523,Category_K,0
24316,Male,5,2,50523,Category_L,3
24317,Male,5,2,50523,Category_M,0
24318,Male,5,2,50523,Category_N,0
24319,Male,5,2,50523,Category_O,1
24320,Male,5,2,50523,Category_P,0
24545,Male,5,3,49351,Category_A,0
24546,Male,5,3,49351,Category_B,0
24547,Male,5,3,49351,Category_C,0
24548,Male,5,3,49351,Category_D,0
24549,Male,5,3,49351,Category_E,0
24550,Male,5,3,49351,Category_F,0
24551,Male,5,3,49351,Category_G,0
24552,Male,5,3,49351,Category_H,0
24553,Male,5,3,49351,Category_I,0
24554,Male,5,3,49351,Category_J,0
24555,Male,5,3,49351,Category_K,0
24556,Male,5,3,49351,Category_L,0
24557,Male,5,3,49351,Category_M,0
24558,Male,5,3,49351,Category_N,0
24559,Male,5,3,49351,Category_O,0
24560,Male,5,3,49351,Category_P,0
24785,Male,5,4,51758,Category_A,4
24786,Male,5,4,51758,Category_B,0
24787,Male,5,4,51758,Category_C,0
24788,Male,5,4,51758,Category_D,0
24789,Male,5,4,51758,Category_E,0
24790,Male,5,4,51758,Category_F,0
24791,Male,5,4,51758,Category_G,2
24792,Male,5,4,51758,Category_H,0
24793,Male,5,4,51758,Category_I,0
24794,Male,5,4,51758,Category_J,0
24795,Male,5,4,51758,Category_K,0
24796,Male,5,4,51758,Category_L,1
24797,Male,5,4,51758,Category_M,0
24798,Male,5,4,51758,Category_N,0
24799,Male,5,4,51758,Category_O,3
24800,Male,5,4,51758,Category_P,0
25025,Male,5,5,58129,Category_A,2
25026,Male,5,5,58129,Category_B,0
25027,Male,5,5,58129,Category_C,0
25028,Male,5,5,58129,Category_D,0
25029,Male,5,5,58129,Category_E,0
25030,Male,5,5,58129,Category_F,0
25031,Male,5,5,58129,Category_G,1
25032,Male,5,5,58129,Category_H,0
25033,Male,5,5,58129,Category_I,0
25034,Male,5,5,58129,Category_J,0
25035,Male,5,5,58129,Category_K,0
25036,Male,5,5,58129,Category_L,2
25037,Male,5,5,58129,Category_M,0
25038,Male,5,5,58129,Category_N,0
25039,Male,5,5,58129,Category_O,3
25040,Male,5,5,58129,Category_P,0
25265,Male,10,1,56459,Category_A,2
25266,Male,10,1,56459,Category_B,0
25267,Male,10,1,56459,Category_C,0
25268,Male,10,1,56459,Category_D,0
25269,Male,10,1,56459,Category_E,0
25270,Male,10,1,56459,Category_F,0
25271,Male,10,1,56459,Category_G,0
25272,Male,10,1,56459,Category_H,0
25273,Male,10,1,56459,Category_I,0
25274,Male,10,1,56459,Category_J,0
25275,Male,10,1,56459,Category_K,0
25276,Male,10,1,56459,Category_L,1
25277,Male,10,1,56459,Category_M,0
25278,Male,10,1,56459,Category_N,0
25279,Male,10,1,56459,Category_O,1
25280,Male,10,1,56459,Category_P,0
25505,Male,10,2,56460,Category_A,2
25506,Male,10,2,56460,Category_B,1
25507,Male,10,2,56460,Category_C,0
25508,Male,10,2,56460,Category_D,0
25509,Male,10,2,56460,Category_E,0
25510,Male,10,2,56460,Category_F,0
25511,Male,10,2,56460,Category_G,1
25512,Male,10,2,56460,Category_H,0
25513,Male,10,2,56460,Category_I,0
25514,Male,10,2,56460,Category_J,0
25515,Male,10,2,56460,Category_K,0
25516,Male,10,2,56460,Category_L,1
25517,Male,10,2,56460,Category_M,0
25518,Male,10,2,56460,Category_N,0
25519,Male,10,2,56460,Category_O,1
25520,Male,10,2,56460,Category_P,1
25745,Male,10,3,55194,Category_A,1
25746,Male,10,3,55194,Category_B,0
25747,Male,10,3,55194,Category_C,0
25748,Male,10,3,55194,Category_D,0
25749,Male,10,3,55194,Category_E,0
25750,Male,10,3,55194,Category_F,0
25751,Male,10,3,55194,Category_G,0
25752,Male,10,3,55194,Category_H,0
25753,Male,10,3,55194,Category_I,1
25754,Male,10,3,55194,Category_J,0
25755,Male,10,3,55194,Category_K,0
25756,Male,10,3,55194,Category_L,1
25757,Male,10,3,55194,Category_M,0
25758,Male,10,3,55194,Category_N,0
25759,Male,10,3,55194,Category_O,1
25760,Male,10,3,55194,Category_P,1
25985,Male,10,4,57444,Category_A,1
25986,Male,10,4,57444,Category_B,2
25987,Male,10,4,57444,Category_C,0
25988,Male,10,4,57444,Category_D,0
25989,Male,10,4,57444,Category_E,0
25990,Male,10,4,57444,Category_F,0
25991,Male,10,4,57444,Category_G,4
25992,Male,10,4,57444,Category_H,0
25993,Male,10,4,57444,Category_I,0
25994,Male,10,4,57444,Category_J,0
25995,Male,10,4,57444,Category_K,0
25996,Male,10,4,57444,Category_L,0
25997,Male,10,4,57444,Category_M,0
25998,Male,10,4,57444,Category_N,0
25999,Male,10,4,57444,Category_O,1
26000,Male,10,4,57444,Category_P,0
26225,Male,10,5,62915,Category_A,3
26226,Male,10,5,62915,Category_B,0
26227,Male,10,5,62915,Category_C,0
26228,Male,10,5,62915,Category_D,0
26229,Male,10,5,62915,Category_E,0
26230,Male,10,5,62915,Category_F,0
26231,Male,10,5,62915,Category_G,6
26232,Male,10,5,62915,Category_H,1
26233,Male,10,5,62915,Category_I,1
26234,Male,10,5,62915,Category_J,0
26235,Male,10,5,62915,Category_K,0
26236,Male,10,5,62915,Category_L,1
26237,Male,10,5,62915,Category_M,0
26238,Male,10,5,62915,Category_N,0
26239,Male,10,5,62915,Category_O,3
26240,Male,10,5,62915,Category_P,1
26465,Male,15,1,61542,Category_A,3
26466,Male,15,1,61542,Category_B,1
26467,Male,15,1,61542,Category_C,0
26468,Male,15,1,61542,Category_D,0
26469,Male,15,1,61542,Category_E,0
26470,Male,15,1,61542,Category_F,1
26471,Male,15,1,61542,Category_G,6
26472,Male,15,1,61542,Category_H,0
26473,Male,15,1,61542,Category_I,1
26474,Male,15,1,61542,Category_J,0
26475,Male,15,1,61542,Category_K,0
26476,Male,15,1,61542,Category_L,3
26477,Male,15,1,61542,Category_M,0
26478,Male,15,1,61542,Category_N,0
26479,Male,15,1,61542,Category_O,1
26480,Male,15,1,61542,Category_P,0
26705,Male,15,2,57883,Category_A,2
26706,Male,15,2,57883,Category_B,2
26707,Male,15,2,57883,Category_C,0
26708,Male,15,2,57883,Category_D,0
26709,Male,15,2,57883,Category_E,0
26710,Male,15,2,57883,Category_F,1
26711,Male,15,2,57883,Category_G,17
26712,Male,15,2,57883,Category_H,0
26713,Male,15,2,57883,Category_I,0
26714,Male,15,2,57883,Category_J,1
26715,Male,15,2,57883,Category_K,0
26716,Male,15,2,57883,Category_L,2
26717,Male,15,2,57883,Category_M,0
26718,Male,15,2,57883,Category_N,0
26719,Male,15,2,57883,Category_O,3
26720,Male,15,2,57883,Category_P,0
26945,Male,15,3,63287,Category_A,0
26946,Male,15,3,63287,Category_B,3
26947,Male,15,3,63287,Category_C,0
26948,Male,15,3,63287,Category_D,1
26949,Male,15,3,63287,Category_E,0
26950,Male,15,3,63287,Category_F,3
26951,Male,15,3,63287,Category_G,18
26952,Male,15,3,63287,Category_H,0
26953,Male,15,3,63287,Category_I,0
26954,Male,15,3,63287,Category_J,1
26955,Male,15,3,63287,Category_K,0
26956,Male,15,3,63287,Category_L,2
26957,Male,15,3,63287,Category_M,1
26958,Male,15,3,63287,Category_N,0
26959,Male,15,3,63287,Category_O,2
26960,Male,15,3,63287,Category_P,1
27185,Male,15,4,61330,Category_A,5
27186,Male,15,4,61330,Category_B,1
27187,Male,15,4,61330,Category_C,0
27188,Male,15,4,61330,Category_D,0
27189,Male,15,4,61330,Category_E,0
27190,Male,15,4,61330,Category_F,1
27191,Male,15,4,61330,Category_G,26
27192,Male,15,4,61330,Category_H,0
27193,Male,15,4,61330,Category_I,0
27194,Male,15,4,61330,Category_J,1
27195,Male,15,4,61330,Category_K,0
27196,Male,15,4,61330,Category_L,0
27197,Male,15,4,61330,Category_M,0
27198,Male,15,4,61330,Category_N,0
27199,Male,15,4,61330,Category_O,0
27200,Male,15,4,61330,Category_P,0
27425,Male,15,5,64116,Category_A,0
27426,Male,15,5,64116,Category_B,2
27427,Male,15,5,64116,Category_C,0
27428,Male,15,5,64116,Category_D,0
27429,Male,15,5,64116,Category_E,0
27430,Male,15,5,64116,Category_F,5
27431,Male,15,5,64116,Category_G,25
27432,Male,15,5,64116,Category_H,0
27433,Male,15,5,64116,Category_I,3
27434,Male,15,5,64116,Category_J,0
27435,Male,15,5,64116,Category_K,0
27436,Male,15,5,64116,Category_L,7
27437,Male,15,5,64116,Category_M,4
27438,Male,15,5,64116,Category_N,0
27439,Male,15,5,64116,Category_O,1
27440,Male,15,5,64116,Category_P,0
27665,Male,20,1,50606,Category_A,3
27666,Male,20,1,50606,Category_B,1
27667,Male,20,1,50606,Category_C,0
27668,Male,20,1,50606,Category_D,0
27669,Male,20,1,50606,Category_E,0
27670,Male,20,1,50606,Category_F,2
27671,Male,20,1,50606,Category_G,17
27672,Male,20,1,50606,Category_H,0
27673,Male,20,1,50606,Category_I,2
27674,Male,20,1,50606,Category_J,1
27675,Male,20,1,50606,Category_K,0
27676,Male,20,1,50606,Category_L,2
27677,Male,20,1,50606,Category_M,1
27678,Male,20,1,50606,Category_N,0
27679,Male,20,1,50606,Category_O,3
27680,Male,20,1,50606,Category_P,0
27905,Male,20,2,52907,Category_A,2
27906,Male,20,2,52907,Category_B,3
27907,Male,20,2,52907,Category_C,0
27908,Male,20,2,52907,Category_D,0
27909,Male,20,2,52907,Category_E,0
27910,Male,20,2,52907,Category_F,2
27911,Male,20,2,52907,Category_G,24
27912,Male,20,2,52907,Category_H,0
27913,Male,20,2,52907,Category_I,2
27914,Male,20,2,52907,Category_J,0
27915,Male,20,2,52907,Category_K,0
27916,Male,20,2,52907,Category_L,2
27917,Male,20,2,52907,Category_M,1
27918,Male,20,2,52907,Category_N,0
27919,Male,20,2,52907,Category_O,1
27920,Male,20,2,52907,Category_P,0
28145,Male,20,3,72551,Category_A,2
28146,Male,20,3,72551,Category_B,0
28147,Male,20,3,72551,Category_C,0
28148,Male,20,3,72551,Category_D,0
28149,Male,20,3,72551,Category_E,0
28150,Male,20,3,72551,Category_F,11
28151,Male,20,3,72551,Category_G,13
28152,Male,20,3,72551,Category_H,0
28153,Male,20,3,72551,Category_I,2
28154,Male,20,3,72551,Category_J,0
28155,Male,20,3,72551,Category_K,0
28156,Male,20,3,72551,Category_L,3
28157,Male,20,3,72551,Category_M,0
28158,Male,20,3,72551,Category_N,0
28159,Male,20,3,72551,Category_O,2
28160,Male,20,3,72551,Category_P,0
28385,Male,20,4,62095,Category_A,5
28386,Male,20,4,62095,Category_B,3
28387,Male,20,4,62095,Category_C,0
28388,Male,20,4,62095,Category_D,0
28389,Male,20,4,62095,Category_E,0
28390,Male,20,4,62095,Category_F,10
28391,Male,20,4,62095,Category_G,25
28392,Male,20,4,62095,Category_H,0
28393,Male,20,4,62095,Category_I,2
28394,Male,20,4,62095,Category_J,0
28395,Male,20,4,62095,Category_K,0
28396,Male,20,4,62095,Category_L,5
28397,Male,20,4,62095,Category_M,2
28398,Male,20,4,62095,Category_N,0
28399,Male,20,4,62095,Category_O,0
28400,Male,20,4,62095,Category_P,0
28625,Male,20,5,62445,Category_A,7
28626,Male,20,5,62445,Category_B,4
28627,Male,20,5,62445,Category_C,0
28628,Male,20,5,62445,Category_D,0
28629,Male,20,5,62445,Category_E,2
28630,Male,20,5,62445,Category_F,16
28631,Male,20,5,62445,Category_G,38
28632,Male,20,5,62445,Category_H,1
28633,Male,20,5,62445,Category_I,2
28634,Male,20,5,62445,Category_J,0
28635,Male,20,5,62445,Category_K,0
28636,Male,20,5,62445,Category_L,4
28637,Male,20,5,62445,Category_M,4
28638,Male,20,5,62445,Category_N,0
28639,Male,20,5,62445,Category_O,4
28640,Male,20,5,62445,Category_P,0
28865,Male,25,1,44430,Category_A,4
28866,Male,25,1,44430,Category_B,1
28867,Male,25,1,44430,Category_C,0
28868,Male,25,1,44430,Category_D,0
28869,Male,25,1,44430,Category_E,0
28870,Male,25,1,44430,Category_F,3
28871,Male,25,1,44430,Category_G,12
28872,Male,25,1,44430,Category_H,0
28873,Male,25,1,44430,Category_I,0
28874,Male,25,1,44430,Category_J,0
28875,Male,25,1,44430,Category_K,2
28876,Male,25,1,44430,Category_L,0
28877,Male,25,1,44430,Category_M,0
28878,Male,25,1,44430,Category_N,0
28879,Male,25,1,44430,Category_O,2
28880,Male,25,1,44430,Category_P,0
29105,Male,25,2,49052,Category_A,3
29106,Male,25,2,49052,Category_B,4
29107,Male,25,2,49052,Category_C,0
29108,Male,25,2,49052,Category_D,0
29109,Male,25,2,49052,Category_E,2
29110,Male,25,2,49052,Category_F,4
29111,Male,25,2,49052,Category_G,23
29112,Male,25,2,49052,Category_H,1
29113,Male,25,2,49052,Category_I,0
29114,Male,25,2,49052,Category_J,0
29115,Male,25,2,49052,Category_K,0
29116,Male,25,2,49052,Category_L,3
29117,Male,25,2,49052,Category_M,0
29118,Male,25,2,49052,Category_N,0
29119,Male,25,2,49052,Category_O,3
29120,Male,25,2,49052,Category_P,0
29345,Male,25,3,54770,Category_A,5
29346,Male,25,3,54770,Category_B,6
29347,Male,25,3,54770,Category_C,0
29348,Male,25,3,54770,Category_D,1
29349,Male,25,3,54770,Category_E,1
29350,Male,25,3,54770,Category_F,9
29351,Male,25,3,54770,Category_G,19
29352,Male,25,3,54770,Category_H,0
29353,Male,25,3,54770,Category_I,0
29354,Male,25,3,54770,Category_J,0
29355,Male,25,3,54770,Category_K,0
29356,Male,25,3,54770,Category_L,2
29357,Male,25,3,54770,Category_M,1
29358,Male,25,3,54770,Category_N,0
29359,Male,25,3,54770,Category_O,3
29360,Male,25,3,54770,Category_P,1
29585,Male,25,4,57460,Category_A,1
29586,Male,25,4,57460,Category_B,7
29587,Male,25,4,57460,Category_C,0
29588,Male,25,4,57460,Category_D,1
29589,Male,25,4,57460,Category_E,3
29590,Male,25,4,57460,Category_F,10
29591,Male,25,4,57460,Category_G,33
29592,Male,25,4,57460,Category_H,0
29593,Male,25,4,57460,Category_I,1
29594,Male,25,4,57460,Category_J,0
29595,Male,25,4,57460,Category_K,0
29596,Male,25,4,57460,Category_L,4
29597,Male,25,4,57460,Category_M,0
29598,Male,25,4,57460,Category_N,0
29599,Male,25,4,57460,Category_O,1
29600,Male,25,4,57460,Category_P,0
29825,Male,25,5,59420,Category_A,3
29826,Male,25,5,59420,Category_B,2
29827,Male,25,5,59420,Category_C,0
29828,Male,25,5,59420,Category_D,1
29829,Male,25,5,59420,Category_E,4
29830,Male,25,5,59420,Category_F,22
29831,Male,25,5,59420,Category_G,35
29832,Male,25,5,59420,Category_H,1
29833,Male,25,5,59420,Category_I,6
29834,Male,25,5,59420,Category_J,1
29835,Male,25,5,59420,Category_K,0
29836,Male,25,5,59420,Category_L,2
29837,Male,25,5,59420,Category_M,5
29838,Male,25,5,59420,Category_N,0
29839,Male,25,5,59420,Category_O,4
29840,Male,25,5,59420,Category_P,0
30065,Male,30,1,48084,Category_A,5
30066,Male,30,1,48084,Category_B,5
30067,Male,30,1,48084,Category_C,0
30068,Male,30,1,48084,Category_D,3
30069,Male,30,1,48084,Category_E,1
30070,Male,30,1,48084,Category_F,1
30071,Male,30,1,48084,Category_G,15
30072,Male,30,1,48084,Category_H,1
30073,Male,30,1,48084,Category_I,2
30074,Male,30,1,48084,Category_J,0
30075,Male,30,1,48084,Category_K,0
30076,Male,30,1,48084,Category_L,2
30077,Male,30,1,48084,Category_M,0
30078,Male,30,1,48084,Category_N,0
30079,Male,30,1,48084,Category_O,0
30080,Male,30,1,48084,Category_P,0
30305,Male,30,2,48081,Category_A,11
30306,Male,30,2,48081,Category_B,3
30307,Male,30,2,48081,Category_C,0
30308,Male,30,2,48081,Category_D,0
30309,Male,30,2,48081,Category_E,3
30310,Male,30,2,48081,Category_F,6
30311,Male,30,2,48081,Category_G,20
30312,Male,30,2,48081,Category_H,1
30313,Male,30,2,48081,Category_I,0
30314,Male,30,2,48081,Category_J,2
30315,Male,30,2,48081,Category_K,3
30316,Male,30,2,48081,Category_L,0
30317,Male,30,2,48081,Category_M,0
30318,Male,30,2,48081,Category_N,0
30319,Male,30,2,48081,Category_O,4
30320,Male,30,2,48081,Category_P,1
30545,Male,30,3,51031,Category_A,5
30546,Male,30,3,51031,Category_B,9
30547,Male,30,3,51031,Category_C,0
30548,Male,30,3,51031,Category_D,0
30549,Male,30,3,51031,Category_E,5
30550,Male,30,3,51031,Category_F,6
30551,Male,30,3,51031,Category_G,26
30552,Male,30,3,51031,Category_H,0
30553,Male,30,3,51031,Category_I,3
30554,Male,30,3,51031,Category_J,0
30555,Male,30,3,51031,Category_K,2
30556,Male,30,3,51031,Category_L,2
30557,Male,30,3,51031,Category_M,0
30558,Male,30,3,51031,Category_N,0
30559,Male,30,3,51031,Category_O,6
30560,Male,30,3,51031,Category_P,1
30785,Male,30,4,51943,Category_A,3
30786,Male,30,4,51943,Category_B,11
30787,Male,30,4,51943,Category_C,0
30788,Male,30,4,51943,Category_D,0
30789,Male,30,4,51943,Category_E,4
30790,Male,30,4,51943,Category_F,15
30791,Male,30,4,51943,Category_G,28
30792,Male,30,4,51943,Category_H,1
30793,Male,30,4,51943,Category_I,1
30794,Male,30,4,51943,Category_J,1
30795,Male,30,4,51943,Category_K,1
30796,Male,30,4,51943,Category_L,3
30797,Male,30,4,51943,Category_M,2
30798,Male,30,4,51943,Category_N,0
30799,Male,30,4,51943,Category_O,1
30800,Male,30,4,51943,Category_P,0
31025,Male,30,5,52477,Category_A,4
31026,Male,30,5,52477,Category_B,11
31027,Male,30,5,52477,Category_C,0
31028,Male,30,5,52477,Category_D,0
31029,Male,30,5,52477,Category_E,7
31030,Male,30,5,52477,Category_F,28
31031,Male,30,5,52477,Category_G,33
31032,Male,30,5,52477,Category_H,0
31033,Male,30,5,52477,Category_I,3
31034,Male,30,5,52477,Category_J,2
31035,Male,30,5,52477,Category_K,2
31036,Male,30,5,52477,Category_L,4
31037,Male,30,5,52477,Category_M,3
31038,Male,30,5,52477,Category_N,0
31039,Male,30,5,52477,Category_O,1
31040,Male,30,5,52477,Category_P,2
31265,Male,35,1,62173,Category_A,7
31266,Male,35,1,62173,Category_B,13
31267,Male,35,1,62173,Category_C,0
31268,Male,35,1,62173,Category_D,0
31269,Male,35,1,62173,Category_E,2
31270,Male,35,1,62173,Category_F,3
31271,Male,35,1,62173,Category_G,13
31272,Male,35,1,62173,Category_H,0
31273,Male,35,1,62173,Category_I,1
31274,Male,35,1,62173,Category_J,0
31275,Male,35,1,62173,Category_K,1
31276,Male,35,1,62173,Category_L,2
31277,Male,35,1,62173,Category_M,0
31278,Male,35,1,62173,Category_N,0
31279,Male,35,1,62173,Category_O,3
31280,Male,35,1,62173,Category_P,1
31505,Male,35,2,61285,Category_A,14
31506,Male,35,2,61285,Category_B,5
31507,Male,35,2,61285,Category_C,0
31508,Male,35,2,61285,Category_D,0
31509,Male,35,2,61285,Category_E,7
31510,Male,35,2,61285,Category_F,8
31511,Male,35,2,61285,Category_G,16
31512,Male,35,2,61285,Category_H,0
31513,Male,35,2,61285,Category_I,2
31514,Male,35,2,61285,Category_J,0
31515,Male,35,2,61285,Category_K,3
31516,Male,35,2,61285,Category_L,1
31517,Male,35,2,61285,Category_M,1
31518,Male,35,2,61285,Category_N,0
31519,Male,35,2,61285,Category_O,0
31520,Male,35,2,61285,Category_P,0
31745,Male,35,3,59073,Category_A,9
31746,Male,35,3,59073,Category_B,17
31747,Male,35,3,59073,Category_C,0
31748,Male,35,3,59073,Category_D,0
31749,Male,35,3,59073,Category_E,8
31750,Male,35,3,59073,Category_F,13
31751,Male,35,3,59073,Category_G,13
31752,Male,35,3,59073,Category_H,0
31753,Male,35,3,59073,Category_I,1
31754,Male,35,3,59073,Category_J,3
31755,Male,35,3,59073,Category_K,1
31756,Male,35,3,59073,Category_L,4
31757,Male,35,3,59073,Category_M,2
31758,Male,35,3,59073,Category_N,0
31759,Male,35,3,59073,Category_O,2
31760,Male,35,3,59073,Category_P,4
31985,Male,35,4,61965,Category_A,17
31986,Male,35,4,61965,Category_B,21
31987,Male,35,4,61965,Category_C,0
31988,Male,35,4,61965,Category_D,1
31989,Male,35,4,61965,Category_E,14
31990,Male,35,4,61965,Category_F,22
31991,Male,35,4,61965,Category_G,38
31992,Male,35,4,61965,Category_H,1
31993,Male,35,4,61965,Category_I,3
31994,Male,35,4,61965,Category_J,1
31995,Male,35,4,61965,Category_K,3
31996,Male,35,4,61965,Category_L,4
31997,Male,35,4,61965,Category_M,2
31998,Male,35,4,61965,Category_N,0
31999,Male,35,4,61965,Category_O,3
32000,Male,35,4,61965,Category_P,4
32225,Male,35,5,57196,Category_A,19
32226,Male,35,5,57196,Category_B,22
32227,Male,35,5,57196,Category_C,0
32228,Male,35,5,57196,Category_D,0
32229,Male,35,5,57196,Category_E,20
32230,Male,35,5,57196,Category_F,24
32231,Male,35,5,57196,Category_G,27
32232,Male,35,5,57196,Category_H,4
32233,Male,35,5,57196,Category_I,1
32234,Male,35,5,57196,Category_J,2
32235,Male,35,5,57196,Category_K,5
32236,Male,35,5,57196,Category_L,4
32237,Male,35,5,57196,Category_M,2
32238,Male,35,5,57196,Category_N,0
32239,Male,35,5,57196,Category_O,6
32240,Male,35,5,57196,Category_P,5
32465,Male,40,1,67962,Category_A,30
32466,Male,40,1,67962,Category_B,13
32467,Male,40,1,67962,Category_C,0
32468,Male,40,1,67962,Category_D,0
32469,Male,40,1,67962,Category_E,5
32470,Male,40,1,67962,Category_F,8
32471,Male,40,1,67962,Category_G,12
32472,Male,40,1,67962,Category_H,0
32473,Male,40,1,67962,Category_I,2
32474,Male,40,1,67962,Category_J,2
32475,Male,40,1,67962,Category_K,1
32476,Male,40,1,67962,Category_L,6
32477,Male,40,1,67962,Category_M,0
32478,Male,40,1,67962,Category_N,0
32479,Male,40,1,67962,Category_O,6
32480,Male,40,1,67962,Category_P,4
32705,Male,40,2,67837,Category_A,14
32706,Male,40,2,67837,Category_B,21
32707,Male,40,2,67837,Category_C,0
32708,Male,40,2,67837,Category_D,0
32709,Male,40,2,67837,Category_E,9
32710,Male,40,2,67837,Category_F,6
32711,Male,40,2,67837,Category_G,22
32712,Male,40,2,67837,Category_H,1
32713,Male,40,2,67837,Category_I,3
32714,Male,40,2,67837,Category_J,1
32715,Male,40,2,67837,Category_K,1
32716,Male,40,2,67837,Category_L,3
32717,Male,40,2,67837,Category_M,0
32718,Male,40,2,67837,Category_N,0
32719,Male,40,2,67837,Category_O,3
32720,Male,40,2,67837,Category_P,4
32945,Male,40,3,64290,Category_A,29
32946,Male,40,3,64290,Category_B,29
32947,Male,40,3,64290,Category_C,0
32948,Male,40,3,64290,Category_D,0
32949,Male,40,3,64290,Category_E,19
32950,Male,40,3,64290,Category_F,7
32951,Male,40,3,64290,Category_G,30
32952,Male,40,3,64290,Category_H,1
32953,Male,40,3,64290,Category_I,2
32954,Male,40,3,64290,Category_J,1
32955,Male,40,3,64290,Category_K,2
32956,Male,40,3,64290,Category_L,5
32957,Male,40,3,64290,Category_M,3
32958,Male,40,3,64290,Category_N,0
32959,Male,40,3,64290,Category_O,8
32960,Male,40,3,64290,Category_P,3
33185,Male,40,4,62900,Category_A,19
33186,Male,40,4,62900,Category_B,37
33187,Male,40,4,62900,Category_C,0
33188,Male,40,4,62900,Category_D,0
33189,Male,40,4,62900,Category_E,30
33190,Male,40,4,62900,Category_F,12
33191,Male,40,4,62900,Category_G,29
33192,Male,40,4,62900,Category_H,2
33193,Male,40,4,62900,Category_I,1
33194,Male,40,4,62900,Category_J,3
33195,Male,40,4,62900,Category_K,0
33196,Male,40,4,62900,Category_L,7
33197,Male,40,4,62900,Category_M,4
33198,Male,40,4,62900,Category_N,0
33199,Male,40,4,62900,Category_O,6
33200,Male,40,4,62900,Category_P,4
33425,Male,40,5,59423,Category_A,30
33426,Male,40,5,59423,Category_B,47
33427,Male,40,5,59423,Category_C,0
33428,Male,40,5,59423,Category_D,3
33429,Male,40,5,59423,Category_E,27
33430,Male,40,5,59423,Category_F,10
33431,Male,40,5,59423,Category_G,33
33432,Male,40,5,59423,Category_H,0
33433,Male,40,5,59423,Category_I,12
33434,Male,40,5,59423,Category_J,1
33435,Male,40,5,59423,Category_K,3
33436,Male,40,5,59423,Category_L,12
33437,Male,40,5,59423,Category_M,5
33438,Male,40,5,59423,Category_N,0
33439,Male,40,5,59423,Category_O,4
33440,Male,40,5,59423,Category_P,9
33665,Male,45,1,64242,Category_A,36
33666,Male,45,1,64242,Category_B,31
33667,Male,45,1,64242,Category_C,0
33668,Male,45,1,64242,Category_D,1
33669,Male,45,1,64242,Category_E,16
33670,Male,45,1,64242,Category_F,3
33671,Male,45,1,64242,Category_G,15
33672,Male,45,1,64242,Category_H,0
33673,Male,45,1,64242,Category_I,2
33674,Male,45,1,64242,Category_J,0
33675,Male,45,1,64242,Category_K,1
33676,Male,45,1,64242,Category_L,5
33677,Male,45,1,64242,Category_M,1
33678,Male,45,1,64242,Category_N,0
33679,Male,45,1,64242,Category_O,5
33680,Male,45,1,64242,Category_P,1
33905,Male,45,2,64040,Category_A,43
33906,Male,45,2,64040,Category_B,34
33907,Male,45,2,64040,Category_C,0
33908,Male,45,2,64040,Category_D,0
33909,Male,45,2,64040,Category_E,20
33910,Male,45,2,64040,Category_F,5
33911,Male,45,2,64040,Category_G,26
33912,Male,45,2,64040,Category_H,1
33913,Male,45,2,64040,Category_I,1
33914,Male,45,2,64040,Category_J,4
33915,Male,45,2,64040,Category_K,0
33916,Male,45,2,64040,Category_L,9
33917,Male,45,2,64040,Category_M,2
33918,Male,45,2,64040,Category_N,0
33919,Male,45,2,64040,Category_O,5
33920,Male,45,2,64040,Category_P,3
34145,Male,45,3,60845,Category_A,40
34146,Male,45,3,60845,Category_B,37
34147,Male,45,3,60845,Category_C,0
34148,Male,45,3,60845,Category_D,1
34149,Male,45,3,60845,Category_E,15
34150,Male,45,3,60845,Category_F,1
34151,Male,45,3,60845,Category_G,17
34152,Male,45,3,60845,Category_H,0
34153,Male,45,3,60845,Category_I,6
34154,Male,45,3,60845,Category_J,3
34155,Male,45,3,60845,Category_K,3
34156,Male,45,3,60845,Category_L,9
34157,Male,45,3,60845,Category_M,0
34158,Male,45,3,60845,Category_N,0
34159,Male,45,3,60845,Category_O,5
34160,Male,45,3,60845,Category_P,5
34385,Male,45,4,58882,Category_A,54
34386,Male,45,4,58882,Category_B,60
34387,Male,45,4,58882,Category_C,0
34388,Male,45,4,58882,Category_D,2
34389,Male,45,4,58882,Category_E,36
34390,Male,45,4,58882,Category_F,6
34391,Male,45,4,58882,Category_G,28
34392,Male,45,4,58882,Category_H,1
34393,Male,45,4,58882,Category_I,4
34394,Male,45,4,58882,Category_J,7
34395,Male,45,4,58882,Category_K,5
34396,Male,45,4,58882,Category_L,7
34397,Male,45,4,58882,Category_M,5
34398,Male,45,4,58882,Category_N,0
34399,Male,45,4,58882,Category_O,4
34400,Male,45,4,58882,Category_P,5
34625,Male,45,5,55289,Category_A,63
34626,Male,45,5,55289,Category_B,98
34627,Male,45,5,55289,Category_C,0
34628,Male,45,5,55289,Category_D,3
34629,Male,45,5,55289,Category_E,45
34630,Male,45,5,55289,Category_F,7
34631,Male,45,5,55289,Category_G,27
34632,Male,45,5,55289,Category_H,0
34633,Male,45,5,55289,Category_I,4
34634,Male,45,5,55289,Category_J,2
34635,Male,45,5,55289,Category_K,8
34636,Male,45,5,55289,Category_L,5
34637,Male,45,5,55289,Category_M,1
34638,Male,45,5,55289,Category_N,0
34639,Male,45,5,55289,Category_O,5
34640,Male,45,5,55289,Category_P,13
34865,Male,50,1,58699,Category_A,56
34866,Male,50,1,58699,Category_B,59
34867,Male,50,1,58699,Category_C,1
34868,Male,50,1,58699,Category_D,0
34869,Male,50,1,58699,Category_E,20
34870,Male,50,1,58699,Category_F,1
34871,Male,50,1,58699,Category_G,17
34872,Male,50,1,58699,Category_H,1
34873,Male,50,1,58699,Category_I,1
34874,Male,50,1,58699,Category_J,1
34875,Male,50,1,58699,Category_K,1
34876,Male,50,1,58699,Category_L,6
34877,Male,50,1,58699,Category_M,0
34878,Male,50,1,58699,Category_N,0
34879,Male,50,1,58699,Category_O,6
34880,Male,50,1,58699,Category_P,3
35105,Male,50,2,60139,Category_A,91
35106,Male,50,2,60139,Category_B,70
35107,Male,50,2,60139,Category_C,0
35108,Male,50,2,60139,Category_D,1
35109,Male,50,2,60139,Category_E,27
35110,Male,50,2,60139,Category_F,5
35111,Male,50,2,60139,Category_G,32
35112,Male,50,2,60139,Category_H,2
35113,Male,50,2,60139,Category_I,0
35114,Male,50,2,60139,Category_J,2
35115,Male,50,2,60139,Category_K,1
35116,Male,50,2,60139,Category_L,5
35117,Male,50,2,60139,Category_M,0
35118,Male,50,2,60139,Category_N,0
35119,Male,50,2,60139,Category_O,5
35120,Male,50,2,60139,Category_P,5
35345,Male,50,3,57407,Category_A,87
35346,Male,50,3,57407,Category_B,92
35347,Male,50,3,57407,Category_C,0
35348,Male,50,3,57407,Category_D,0
35349,Male,50,3,57407,Category_E,25
35350,Male,50,3,57407,Category_F,3
35351,Male,50,3,57407,Category_G,15
35352,Male,50,3,57407,Category_H,2
35353,Male,50,3,57407,Category_I,1
35354,Male,50,3,57407,Category_J,1
35355,Male,50,3,57407,Category_K,2
35356,Male,50,3,57407,Category_L,8
35357,Male,50,3,57407,Category_M,0
35358,Male,50,3,57407,Category_N,0
35359,Male,50,3,57407,Category_O,7
35360,Male,50,3,57407,Category_P,9
35585,Male,50,4,54069,Category_A,102
35586,Male,50,4,54069,Category_B,91
35587,Male,50,4,54069,Category_C,0
35588,Male,50,4,54069,Category_D,2
35589,Male,50,4,54069,Category_E,46
35590,Male,50,4,54069,Category_F,4
35591,Male,50,4,54069,Category_G,16
35592,Male,50,4,54069,Category_H,3
35593,Male,50,4,54069,Category_I,6
35594,Male,50,4,54069,Category_J,1
35595,Male,50,4,54069,Category_K,3
35596,Male,50,4,54069,Category_L,5
35597,Male,50,4,54069,Category_M,3
35598,Male,50,4,54069,Category_N,0
35599,Male,50,4,54069,Category_O,9
35600,Male,50,4,54069,Category_P,22
35825,Male,50,5,48610,Category_A,99
35826,Male,50,5,48610,Category_B,123
35827,Male,50,5,48610,Category_C,0
35828,Male,50,5,48610,Category_D,5
35829,Male,50,5,48610,Category_E,54
35830,Male,50,5,48610,Category_F,4
35831,Male,50,5,48610,Category_G,26
35832,Male,50,5,48610,Category_H,4
35833,Male,50,5,48610,Category_I,5
35834,Male,50,5,48610,Category_J,2
35835,Male,50,5,48610,Category_K,5
35836,Male,50,5,48610,Category_L,8
35837,Male,50,5,48610,Category_M,1
35838,Male,50,5,48610,Category_N,0
35839,Male,50,5,48610,Category_O,5
35840,Male,50,5,48610,Category_P,25
36065,Male,55,1,62607,Category_A,124
36066,Male,55,1,62607,Category_B,79
36067,Male,55,1,62607,Category_C,1
36068,Male,55,1,62607,Category_D,2
36069,Male,55,1,62607,Category_E,26
36070,Male,55,1,62607,Category_F,1
36071,Male,55,1,62607,Category_G,14
36072,Male,55,1,62607,Category_H,1
36073,Male,55,1,62607,Category_I,1
36074,Male,55,1,62607,Category_J,1
36075,Male,55,1,62607,Category_K,3
36076,Male,55,1,62607,Category_L,12
36077,Male,55,1,62607,Category_M,1
36078,Male,55,1,62607,Category_N,0
36079,Male,55,1,62607,Category_O,8
36080,Male,55,1,62607,Category_P,22
36305,Male,55,2,65488,Category_A,151
36306,Male,55,2,65488,Category_B,113
36307,Male,55,2,65488,Category_C,1
36308,Male,55,2,65488,Category_D,0
36309,Male,55,2,65488,Category_E,28
36310,Male,55,2,65488,Category_F,2
36311,Male,55,2,65488,Category_G,19
36312,Male,55,2,65488,Category_H,0
36313,Male,55,2,65488,Category_I,4
36314,Male,55,2,65488,Category_J,1
36315,Male,55,2,65488,Category_K,1
36316,Male,55,2,65488,Category_L,11
36317,Male,55,2,65488,Category_M,0
36318,Male,55,2,65488,Category_N,0
36319,Male,55,2,65488,Category_O,11
36320,Male,55,2,65488,Category_P,18
36545,Male,55,3,62357,Category_A,162
36546,Male,55,3,62357,Category_B,128
36547,Male,55,3,62357,Category_C,4
36548,Male,55,3,62357,Category_D,5
36549,Male,55,3,62357,Category_E,36
36550,Male,55,3,62357,Category_F,2
36551,Male,55,3,62357,Category_G,34
36552,Male,55,3,62357,Category_H,6
36553,Male,55,3,62357,Category_I,1
36554,Male,55,3,62357,Category_J,3
36555,Male,55,3,62357,Category_K,2
36556,Male,55,3,62357,Category_L,10
36557,Male,55,3,62357,Category_M,0
36558,Male,55,3,62357,Category_N,0
36559,Male,55,3,62357,Category_O,9
36560,Male,55,3,62357,Category_P,29
36785,Male,55,4,56380,Category_A,171
36786,Male,55,4,56380,Category_B,153
36787,Male,55,4,56380,Category_C,0
36788,Male,55,4,56380,Category_D,8
36789,Male,55,4,56380,Category_E,47
36790,Male,55,4,56380,Category_F,5
36791,Male,55,4,56380,Category_G,15
36792,Male,55,4,56380,Category_H,3
36793,Male,55,4,56380,Category_I,1
36794,Male,55,4,56380,Category_J,4
36795,Male,55,4,56380,Category_K,3
36796,Male,55,4,56380,Category_L,5
36797,Male,55,4,56380,Category_M,1
36798,Male,55,4,56380,Category_N,0
36799,Male,55,4,56380,Category_O,10
36800,Male,55,4,56380,Category_P,34
37025,Male,55,5,50036,Category_A,209
37026,Male,55,5,50036,Category_B,193
37027,Male,55,5,50036,Category_C,0
37028,Male,55,5,50036,Category_D,5
37029,Male,55,5,50036,Category_E,63
37030,Male,55,5,50036,Category_F,3
37031,Male,55,5,50036,Category_G,24
37032,Male,55,5,50036,Category_H,3
37033,Male,55,5,50036,Category_I,5
37034,Male,55,5,50036,Category_J,2
37035,Male,55,5,50036,Category_K,4
37036,Male,55,5,50036,Category_L,8
37037,Male,55,5,50036,Category_M,3
37038,Male,55,5,50036,Category_N,0
37039,Male,55,5,50036,Category_O,12
37040,Male,55,5,50036,Category_P,40
37265,Male,60,1,58548,Category_A,209
37266,Male,60,1,58548,Category_B,158
37267,Male,60,1,58548,Category_C,1
37268,Male,60,1,58548,Category_D,2
37269,Male,60,1,58548,Category_E,25
37270,Male,60,1,58548,Category_F,0
37271,Male,60,1,58548,Category_G,16
37272,Male,60,1,58548,Category_H,5
37273,Male,60,1,58548,Category_I,1
37274,Male,60,1,58548,Category_J,3
37275,Male,60,1,58548,Category_K,1
37276,Male,60,1,58548,Category_L,11
37277,Male,60,1,58548,Category_M,0
37278,Male,60,1,58548,Category_N,0
37279,Male,60,1,58548,Category_O,9
37280,Male,60,1,58548,Category_P,19
37505,Male,60,2,63120,Category_A,288
37506,Male,60,2,63120,Category_B,186
37507,Male,60,2,63120,Category_C,2
37508,Male,60,2,63120,Category_D,3
37509,Male,60,2,63120,Category_E,28
37510,Male,60,2,63120,Category_F,1
37511,Male,60,2,63120,Category_G,17
37512,Male,60,2,63120,Category_H,5
37513,Male,60,2,63120,Category_I,1
37514,Male,60,2,63120,Category_J,2
37515,Male,60,2,63120,Category_K,0
37516,Male,60,2,63120,Category_L,7
37517,Male,60,2,63120,Category_M,1
37518,Male,60,2,63120,Category_N,0
37519,Male,60,2,63120,Category_O,12
37520,Male,60,2,63120,Category_P,29
37745,Male,60,3,59470,Category_A,261
37746,Male,60,3,59470,Category_B,197
37747,Male,60,3,59470,Category_C,3
37748,Male,60,3,59470,Category_D,3
37749,Male,60,3,59470,Category_E,35
37750,Male,60,3,59470,Category_F,1
37751,Male,60,3,59470,Category_G,31
37752,Male,60,3,59470,Category_H,7
37753,Male,60,3,59470,Category_I,2
37754,Male,60,3,59470,Category_J,4
37755,Male,60,3,59470,Category_K,2
37756,Male,60,3,59470,Category_L,11
37757,Male,60,3,59470,Category_M,1
37758,Male,60,3,59470,Category_N,0
37759,Male,60,3,59470,Category_O,9
37760,Male,60,3,59470,Category_P,45
37985,Male,60,4,52058,Category_A,280
37986,Male,60,4,52058,Category_B,238
37987,Male,60,4,52058,Category_C,3
37988,Male,60,4,52058,Category_D,8
37989,Male,60,4,52058,Category_E,50
37990,Male,60,4,52058,Category_F,1
37991,Male,60,4,52058,Category_G,17
37992,Male,60,4,52058,Category_H,5
37993,Male,60,4,52058,Category_I,2
37994,Male,60,4,52058,Category_J,9
37995,Male,60,4,52058,Category_K,1
37996,Male,60,4,52058,Category_L,13
37997,Male,60,4,52058,Category_M,1
37998,Male,60,4,52058,Category_N,0
37999,Male,60,4,52058,Category_O,9
38000,Male,60,4,52058,Category_P,46
38225,Male,60,5,44117,Category_A,288
38226,Male,60,5,44117,Category_B,252
38227,Male,60,5,44117,Category_C,2
38228,Male,60,5,44117,Category_D,9
38229,Male,60,5,44117,Category_E,66
38230,Male,60,5,44117,Category_F,1
38231,Male,60,5,44117,Category_G,21
38232,Male,60,5,44117,Category_H,8
38233,Male,60,5,44117,Category_I,7
38234,Male,60,5,44117,Category_J,6
38235,Male,60,5,44117,Category_K,2
38236,Male,60,5,44117,Category_L,7
38237,Male,60,5,44117,Category_M,1
38238,Male,60,5,44117,Category_N,0
38239,Male,60,5,44117,Category_O,9
38240,Male,60,5,44117,Category_P,80
38465,Male,65,1,44078,Category_A,284
38466,Male,65,1,44078,Category_B,160
38467,Male,65,1,44078,Category_C,5
38468,Male,65,1,44078,Category_D,4
38469,Male,65,1,44078,Category_E,21
38470,Male,65,1,44078,Category_F,0
38471,Male,65,1,44078,Category_G,11
38472,Male,65,1,44078,Category_H,2
38473,Male,65,1,44078,Category_I,0
38474,Male,65,1,44078,Category_J,5
38475,Male,65,1,44078,Category_K,3
38476,Male,65,1,44078,Category_L,13
38477,Male,65,1,44078,Category_M,1
38478,Male,65,1,44078,Category_N,0
38479,Male,65,1,44078,Category_O,16
38480,Male,65,1,44078,Category_P,61
38705,Male,65,2,48969,Category_A,322
38706,Male,65,2,48969,Category_B,242
38707,Male,65,2,48969,Category_C,5
38708,Male,65,2,48969,Category_D,4
38709,Male,65,2,48969,Category_E,40
38710,Male,65,2,48969,Category_F,3
38711,Male,65,2,48969,Category_G,15
38712,Male,65,2,48969,Category_H,9
38713,Male,65,2,48969,Category_I,2
38714,Male,65,2,48969,Category_J,6
38715,Male,65,2,48969,Category_K,2
38716,Male,65,2,48969,Category_L,26
38717,Male,65,2,48969,Category_M,2
38718,Male,65,2,48969,Category_N,0
38719,Male,65,2,48969,Category_O,19
38720,Male,65,2,48969,Category_P,67
38945,Male,65,3,47433,Category_A,395
38946,Male,65,3,47433,Category_B,274
38947,Male,65,3,47433,Category_C,4
38948,Male,65,3,47433,Category_D,7
38949,Male,65,3,47433,Category_E,49
38950,Male,65,3,47433,Category_F,2
38951,Male,65,3,47433,Category_G,22
38952,Male,65,3,47433,Category_H,6
38953,Male,65,3,47433,Category_I,3
38954,Male,65,3,47433,Category_J,9
38955,Male,65,3,47433,Category_K,1
38956,Male,65,3,47433,Category_L,13
38957,Male,65,3,47433,Category_M,2
38958,Male,65,3,47433,Category_N,0
38959,Male,65,3,47433,Category_O,16
38960,Male,65,3,47433,Category_P,90
39185,Male,65,4,42613,Category_A,350
39186,Male,65,4,42613,Category_B,286
39187,Male,65,4,42613,Category_C,11
39188,Male,65,4,42613,Category_D,4
39189,Male,65,4,42613,Category_E,48
39190,Male,65,4,42613,Category_F,0
39191,Male,65,4,42613,Category_G,20
39192,Male,65,4,42613,Category_H,7
39193,Male,65,4,42613,Category_I,2
39194,Male,65,4,42613,Category_J,4
39195,Male,65,4,42613,Category_K,2
39196,Male,65,4,42613,Category_L,16
39197,Male,65,4,42613,Category_M,0
39198,Male,65,4,42613,Category_N,0
39199,Male,65,4,42613,Category_O,19
39200,Male,65,4,42613,Category_P,101
39425,Male,65,5,36187,Category_A,408
39426,Male,65,5,36187,Category_B,338
39427,Male,65,5,36187,Category_C,8
39428,Male,65,5,36187,Category_D,10
39429,Male,65,5,36187,Category_E,52
39430,Male,65,5,36187,Category_F,3
39431,Male,65,5,36187,Category_G,13
39432,Male,65,5,36187,Category_H,8
39433,Male,65,5,36187,Category_I,2
39434,Male,65,5,36187,Category_J,11
39435,Male,65,5,36187,Category_K,0
39436,Male,65,5,36187,Category_L,14
39437,Male,65,5,36187,Category_M,4
39438,Male,65,5,36187,Category_N,0
39439,Male,65,5,36187,Category_O,21
39440,Male,65,5,36187,Category_P,128
39665,Male,70,1,37486,Category_A,367
39666,Male,70,1,37486,Category_B,264
39667,Male,70,1,37486,Category_C,12
39668,Male,70,1,37486,Category_D,8
39669,Male,70,1,37486,Category_E,34
39670,Male,70,1,37486,Category_F,2
39671,Male,70,1,37486,Category_G,18
39672,Male,70,1,37486,Category_H,11
39673,Male,70,1,37486,Category_I,1
39674,Male,70,1,37486,Category_J,10
39675,Male,70,1,37486,Category_K,0
39676,Male,70,1,37486,Category_L,28
39677,Male,70,1,37486,Category_M,1
39678,Male,70,1,37486,Category_N,0
39679,Male,70,1,37486,Category_O,11
39680,Male,70,1,37486,Category_P,88
39905,Male,70,2,40155,Category_A,449
39906,Male,70,2,40155,Category_B,372
39907,Male,70,2,40155,Category_C,14
39908,Male,70,2,40155,Category_D,9
39909,Male,70,2,40155,Category_E,45
39910,Male,70,2,40155,Category_F,0
39911,Male,70,2,40155,Category_G,18
39912,Male,70,2,40155,Category_H,16
39913,Male,70,2,40155,Category_I,1
39914,Male,70,2,40155,Category_J,11
39915,Male,70,2,40155,Category_K,2
39916,Male,70,2,40155,Category_L,19
39917,Male,70,2,40155,Category_M,0
39918,Male,70,2,40155,Category_N,0
39919,Male,70,2,40155,Category_O,21
39920,Male,70,2,40155,Category_P,102
40145,Male,70,3,39411,Category_A,417
40146,Male,70,3,39411,Category_B,392
40147,Male,70,3,39411,Category_C,10
40148,Male,70,3,39411,Category_D,14
40149,Male,70,3,39411,Category_E,54
40150,Male,70,3,39411,Category_F,0
40151,Male,70,3,39411,Category_G,21
40152,Male,70,3,39411,Category_H,15
40153,Male,70,3,39411,Category_I,1
40154,Male,70,3,39411,Category_J,10
40155,Male,70,3,39411,Category_K,0
40156,Male,70,3,39411,Category_L,28
40157,Male,70,3,39411,Category_M,2
40158,Male,70,3,39411,Category_N,0
40159,Male,70,3,39411,Category_O,18
40160,Male,70,3,39411,Category_P,121
40385,Male,70,4,33973,Category_A,453
40386,Male,70,4,33973,Category_B,458
40387,Male,70,4,33973,Category_C,18
40388,Male,70,4,33973,Category_D,17
40389,Male,70,4,33973,Category_E,44
40390,Male,70,4,33973,Category_F,0
40391,Male,70,4,33973,Category_G,17
40392,Male,70,4,33973,Category_H,12
40393,Male,70,4,33973,Category_I,2
40394,Male,70,4,33973,Category_J,7
40395,Male,70,4,33973,Category_K,1
40396,Male,70,4,33973,Category_L,23
40397,Male,70,4,33973,Category_M,3
40398,Male,70,4,33973,Category_N,0
40399,Male,70,4,33973,Category_O,13
40400,Male,70,4,33973,Category_P,133
40625,Male,70,5,30362,Category_A,459
40626,Male,70,5,30362,Category_B,410
40627,Male,70,5,30362,Category_C,13
40628,Male,70,5,30362,Category_D,18
40629,Male,70,5,30362,Category_E,62
40630,Male,70,5,30362,Category_F,0
40631,Male,70,5,30362,Category_G,18
40632,Male,70,5,30362,Category_H,15
40633,Male,70,5,30362,Category_I,3
40634,Male,70,5,30362,Category_J,14
40635,Male,70,5,30362,Category_K,2
40636,Male,70,5,30362,Category_L,20
40637,Male,70,5,30362,Category_M,0
40638,Male,70,5,30362,Category_N,0
40639,Male,70,5,30362,Category_O,13
40640,Male,70,5,30362,Category_P,167
40865,Male,75,1,29253,Category_A,441
40866,Male,75,1,29253,Category_B,473
40867,Male,75,1,29253,Category_C,24
40868,Male,75,1,29253,Category_D,18
40869,Male,75,1,29253,Category_E,44
40870,Male,75,1,29253,Category_F,1
40871,Male,75,1,29253,Category_G,23
40872,Male,75,1,29253,Category_H,15
40873,Male,75,1,29253,Category_I,0
40874,Male,75,1,29253,Category_J,11
40875,Male,75,1,29253,Category_K,0
40876,Male,75,1,29253,Category_L,26
40877,Male,75,1,29253,Category_M,4
40878,Male,75,1,29253,Category_N,0
40879,Male,75,1,29253,Category_O,28
40880,Male,75,1,29253,Category_P,142
41105,Male,75,2,30935,Category_A,524
41106,Male,75,2,30935,Category_B,519
41107,Male,75,2,30935,Category_C,36
41108,Male,75,2,30935,Category_D,21
41109,Male,75,2,30935,Category_E,50
41110,Male,75,2,30935,Category_F,0
41111,Male,75,2,30935,Category_G,20
41112,Male,75,2,30935,Category_H,27
41113,Male,75,2,30935,Category_I,0
41114,Male,75,2,30935,Category_J,19
41115,Male,75,2,30935,Category_K,0
41116,Male,75,2,30935,Category_L,41
41117,Male,75,2,30935,Category_M,1
41118,Male,75,2,30935,Category_N,0
41119,Male,75,2,30935,Category_O,34
41120,Male,75,2,30935,Category_P,179
41345,Male,75,3,29296,Category_A,502
41346,Male,75,3,29296,Category_B,603
41347,Male,75,3,29296,Category_C,35
41348,Male,75,3,29296,Category_D,17
41349,Male,75,3,29296,Category_E,47
41350,Male,75,3,29296,Category_F,0
41351,Male,75,3,29296,Category_G,23
41352,Male,75,3,29296,Category_H,32
41353,Male,75,3,29296,Category_I,3
41354,Male,75,3,29296,Category_J,16
41355,Male,75,3,29296,Category_K,0
41356,Male,75,3,29296,Category_L,45
41357,Male,75,3,29296,Category_M,2
41358,Male,75,3,29296,Category_N,0
41359,Male,75,3,29296,Category_O,31
41360,Male,75,3,29296,Category_P,206
41585,Male,75,4,26380,Category_A,480
41586,Male,75,4,26380,Category_B,617
41587,Male,75,4,26380,Category_C,40
41588,Male,75,4,26380,Category_D,22
41589,Male,75,4,26380,Category_E,66
41590,Male,75,4,26380,Category_F,0
41591,Male,75,4,26380,Category_G,18
41592,Male,75,4,26380,Category_H,29
41593,Male,75,4,26380,Category_I,3
41594,Male,75,4,26380,Category_J,18
41595,Male,75,4,26380,Category_K,1
41596,Male,75,4,26380,Category_L,44
41597,Male,75,4,26380,Category_M,1
41598,Male,75,4,26380,Category_N,0
41599,Male,75,4,26380,Category_O,26
41600,Male,75,4,26380,Category_P,223
41825,Male,75,5,22825,Category_A,485
41826,Male,75,5,22825,Category_B,578
41827,Male,75,5,22825,Category_C,33
41828,Male,75,5,22825,Category_D,21
41829,Male,75,5,22825,Category_E,69
41830,Male,75,5,22825,Category_F,1
41831,Male,75,5,22825,Category_G,29
41832,Male,75,5,22825,Category_H,19
41833,Male,75,5,22825,Category_I,7
41834,Male,75,5,22825,Category_J,23
41835,Male,75,5,22825,Category_K,1
41836,Male,75,5,22825,Category_L,31
41837,Male,75,5,22825,Category_M,4
41838,Male,75,5,22825,Category_N,0
41839,Male,75,5,22825,Category_O,24
41840,Male,75,5,22825,Category_P,220
42065,Male,80,1,19796,Category_A,384
42066,Male,80,1,19796,Category_B,603
42067,Male,80,1,19796,Category_C,61
42068,Male,80,1,19796,Category_D,15
42069,Male,80,1,19796,Category_E,51
42070,Male,80,1,19796,Category_F,0
42071,Male,80,1,19796,Category_G,33
42072,Male,80,1,19796,Category_H,35
42073,Male,80,1,19796,Category_I,5
42074,Male,80,1,19796,Category_J,15
42075,Male,80,1,19796,Category_K,0
42076,Male,80,1,19796,Category_L,47
42077,Male,80,1,19796,Category_M,2
42078,Male,80,1,19796,Category_N,0
42079,Male,80,1,19796,Category_O,22
42080,Male,80,1,19796,Category_P,182
42305,Male,80,2,20842,Category_A,524
42306,Male,80,2,20842,Category_B,651
42307,Male,80,2,20842,Category_C,73
42308,Male,80,2,20842,Category_D,26
42309,Male,80,2,20842,Category_E,71
42310,Male,80,2,20842,Category_F,0
42311,Male,80,2,20842,Category_G,31
42312,Male,80,2,20842,Category_H,33
42313,Male,80,2,20842,Category_I,3
42314,Male,80,2,20842,Category_J,27
42315,Male,80,2,20842,Category_K,1
42316,Male,80,2,20842,Category_L,29
42317,Male,80,2,20842,Category_M,4
42318,Male,80,2,20842,Category_N,0
42319,Male,80,2,20842,Category_O,41
42320,Male,80,2,20842,Category_P,248
42545,Male,80,3,19968,Category_A,451
42546,Male,80,3,19968,Category_B,681
42547,Male,80,3,19968,Category_C,50
42548,Male,80,3,19968,Category_D,19
42549,Male,80,3,19968,Category_E,52
42550,Male,80,3,19968,Category_F,1
42551,Male,80,3,19968,Category_G,16
42552,Male,80,3,19968,Category_H,38
42553,Male,80,3,19968,Category_I,4
42554,Male,80,3,19968,Category_J,27
42555,Male,80,3,19968,Category_K,2
42556,Male,80,3,19968,Category_L,35
42557,Male,80,3,19968,Category_M,1
42558,Male,80,3,19968,Category_N,0
42559,Male,80,3,19968,Category_O,34
42560,Male,80,3,19968,Category_P,291
42785,Male,80,4,18130,Category_A,440
42786,Male,80,4,18130,Category_B,618
42787,Male,80,4,18130,Category_C,69
42788,Male,80,4,18130,Category_D,24
42789,Male,80,4,18130,Category_E,66
42790,Male,80,4,18130,Category_F,0
42791,Male,80,4,18130,Category_G,25
42792,Male,80,4,18130,Category_H,45
42793,Male,80,4,18130,Category_I,2
42794,Male,80,4,18130,Category_J,20
42795,Male,80,4,18130,Category_K,0
42796,Male,80,4,18130,Category_L,53
42797,Male,80,4,18130,Category_M,2
42798,Male,80,4,18130,Category_N,0
42799,Male,80,4,18130,Category_O,30
42800,Male,80,4,18130,Category_P,312
43025,Male,80,5,15012,Category_A,406
43026,Male,80,5,15012,Category_B,587
43027,Male,80,5,15012,Category_C,44
43028,Male,80,5,15012,Category_D,13
43029,Male,80,5,15012,Category_E,56
43030,Male,80,5,15012,Category_F,0
43031,Male,80,5,15012,Category_G,30
43032,Male,80,5,15012,Category_H,34
43033,Male,80,5,15012,Category_I,7
43034,Male,80,5,15012,Category_J,28
43035,Male,80,5,15012,Category_K,2
43036,Male,80,5,15012,Category_L,32
43037,Male,80,5,15012,Category_M,4
43038,Male,80,5,15012,Category_N,0
43039,Male,80,5,15012,Category_O,33
43040,Male,80,5,15012,Category_P,284
43265,Male,85,1,9429,Category_A,288
43266,Male,85,1,9429,Category_B,555
43267,Male,85,1,9429,Category_C,64
43268,Male,85,1,9429,Category_D,19
43269,Male,85,1,9429,Category_E,48
43270,Male,85,1,9429,Category_F,0
43271,Male,85,1,9429,Category_G,29
43272,Male,85,1,9429,Category_H,42
43273,Male,85,1,9429,Category_I,6
43274,Male,85,1,9429,Category_J,16
43275,Male,85,1,9429,Category_K,0
43276,Male,85,1,9429,Category_L,25
43277,Male,85,1,9429,Category_M,2
43278,Male,85,1,9429,Category_N,0
43279,Male,85,1,9429,Category_O,24
43280,Male,85,1,9429,Category_P,198
43505,Male,85,2,10560,Category_A,335
43506,Male,85,2,10560,Category_B,621
43507,Male,85,2,10560,Category_C,64
43508,Male,85,2,10560,Category_D,12
43509,Male,85,2,10560,Category_E,46
43510,Male,85,2,10560,Category_F,0
43511,Male,85,2,10560,Category_G,26
43512,Male,85,2,10560,Category_H,41
43513,Male,85,2,10560,Category_I,7
43514,Male,85,2,10560,Category_J,23
43515,Male,85,2,10560,Category_K,2
43516,Male,85,2,10560,Category_L,27
43517,Male,85,2,10560,Category_M,3
43518,Male,85,2,10560,Category_N,0
43519,Male,85,2,10560,Category_O,35
43520,Male,85,2,10560,Category_P,246
43745,Male,85,3,10204,Category_A,258
43746,Male,85,3,10204,Category_B,532
43747,Male,85,3,10204,Category_C,70
43748,Male,85,3,10204,Category_D,13
43749,Male,85,3,10204,Category_E,52
43750,Male,85,3,10204,Category_F,1
43751,Male,85,3,10204,Category_G,24
43752,Male,85,3,10204,Category_H,33
43753,Male,85,3,10204,Category_I,10
43754,Male,85,3,10204,Category_J,25
43755,Male,85,3,10204,Category_K,1
43756,Male,85,3,10204,Category_L,26
43757,Male,85,3,10204,Category_M,1
43758,Male,85,3,10204,Category_N,0
43759,Male,85,3,10204,Category_O,33
43760,Male,85,3,10204,Category_P,253
43985,Male,85,4,9227,Category_A,269
43986,Male,85,4,9227,Category_B,566
43987,Male,85,4,9227,Category_C,65
43988,Male,85,4,9227,Category_D,16
43989,Male,85,4,9227,Category_E,52
43990,Male,85,4,9227,Category_F,0
43991,Male,85,4,9227,Category_G,20
43992,Male,85,4,9227,Category_H,42
43993,Male,85,4,9227,Category_I,9
43994,Male,85,4,9227,Category_J,18
43995,Male,85,4,9227,Category_K,1
43996,Male,85,4,9227,Category_L,30
43997,Male,85,4,9227,Category_M,4
43998,Male,85,4,9227,Category_N,0
43999,Male,85,4,9227,Category_O,20
44000,Male,85,4,9227,Category_P,245
44225,Male,85,5,6724,Category_A,231
44226,Male,85,5,6724,Category_B,425
44227,Male,85,5,6724,Category_C,49
44228,Male,85,5,6724,Category_D,9
44229,Male,85,5,6724,Category_E,41
44230,Male,85,5,6724,Category_F,1
44231,Male,85,5,6724,Category_G,24
44232,Male,85,5,6724,Category_H,31
44233,Male,85,5,6724,Category_I,6
44234,Male,85,5,6724,Category_J,24
44235,Male,85,5,6724,Category_K,0
44236,Male,85,5,6724,Category_L,15
44237,Male,85,5,6724,Category_M,3
44238,Male,85,5,6724,Category_N,0
44239,Male,85,5,6724,Category_O,14
44240,Male,85,5,6724,Category_P,215
44465,Male,90,1,3370,Category_A,120
44466,Male,90,1,3370,Category_B,294
44467,Male,90,1,3370,Category_C,64
44468,Male,90,1,3370,Category_D,8
44469,Male,90,1,3370,Category_E,38
44470,Male,90,1,3370,Category_F,1
44471,Male,90,1,3370,Category_G,25
44472,Male,90,1,3370,Category_H,32
44473,Male,90,1,3370,Category_I,22
44474,Male,90,1,3370,Category_J,19
44475,Male,90,1,3370,Category_K,0
44476,Male,90,1,3370,Category_L,16
44477,Male,90,1,3370,Category_M,0
44478,Male,90,1,3370,Category_N,0
44479,Male,90,1,3370,Category_O,18
44480,Male,90,1,3370,Category_P,192
44705,Male,90,2,3696,Category_A,135
44706,Male,90,2,3696,Category_B,355
44707,Male,90,2,3696,Category_C,50
44708,Male,90,2,3696,Category_D,6
44709,Male,90,2,3696,Category_E,35
44710,Male,90,2,3696,Category_F,0
44711,Male,90,2,3696,Category_G,23
44712,Male,90,2,3696,Category_H,49
44713,Male,90,2,3696,Category_I,21
44714,Male,90,2,3696,Category_J,7
44715,Male,90,2,3696,Category_K,0
44716,Male,90,2,3696,Category_L,11
44717,Male,90,2,3696,Category_M,1
44718,Male,90,2,3696,Category_N,0
44719,Male,90,2,3696,Category_O,14
44720,Male,90,2,3696,Category_P,202
44945,Male,90,3,3298,Category_A,162
44946,Male,90,3,3298,Category_B,339
44947,Male,90,3,3298,Category_C,41
44948,Male,90,3,3298,Category_D,16
44949,Male,90,3,3298,Category_E,22
44950,Male,90,3,3298,Category_F,0
44951,Male,90,3,3298,Category_G,25
44952,Male,90,3,3298,Category_H,28
44953,Male,90,3,3298,Category_I,35
44954,Male,90,3,3298,Category_J,9
44955,Male,90,3,3298,Category_K,1
44956,Male,90,3,3298,Category_L,11
44957,Male,90,3,3298,Category_M,2
44958,Male,90,3,3298,Category_N,0
44959,Male,90,3,3298,Category_O,18
44960,Male,90,3,3298,Category_P,174
45185,Male,90,4,3006,Category_A,115
45186,Male,90,4,3006,Category_B,288
45187,Male,90,4,3006,Category_C,46
45188,Male,90,4,3006,Category_D,8
45189,Male,90,4,3006,Category_E,27
45190,Male,90,4,3006,Category_F,0
45191,Male,90,4,3006,Category_G,16
45192,Male,90,4,3006,Category_H,20
45193,Male,90,4,3006,Category_I,31
45194,Male,90,4,3006,Category_J,13
45195,Male,90,4,3006,Category_K,1
45196,Male,90,4,3006,Category_L,8
45197,Male,90,4,3006,Category_M,3
45198,Male,90,4,3006,Category_N,0
45199,Male,90,4,3006,Category_O,14
45200,Male,90,4,3006,Category_P,195
45425,Male,90,5,2414,Category_A,89
45426,Male,90,5,2414,Category_B,203
45427,Male,90,5,2414,Category_C,44
45428,Male,90,5,2414,Category_D,8
45429,Male,90,5,2414,Category_E,10
45430,Male,90,5,2414,Category_F,0
45431,Male,90,5,2414,Category_G,18
45432,Male,90,5,2414,Category_H,22
45433,Male,90,5,2414,Category_I,30
45434,Male,90,5,2414,Category_J,9
45435,Male,90,5,2414,Category_K,0
45436,Male,90,5,2414,Category_L,5
45437,Male,90,5,2414,Category_M,1
45438,Male,90,5,2414,Category_N,0
45439,Male,90,5,2414,Category_O,10
45440,Male,90,5,2414,Category_P,143
